[{"model": "cms.usersettings", "pk": 1, "fields": {"user": 1, "language": "en", "clipboard": 1}}, {"model": "cms.page", "pk": 1, "fields": {"path": "0001", "depth": 1, "numchild": 1, "created_by": "blackrain", "changed_by": "blackrain", "parent": null, "creation_date": "2017-08-05T04:55:46.371Z", "changed_date": "2017-08-23T08:08:41.712Z", "publication_date": "2017-08-05T04:55:46.423Z", "publication_end_date": null, "in_navigation": true, "soft_root": false, "reverse_id": null, "navigation_extenders": "", "template": "CBF/home.html", "site": 1, "login_required": false, "limit_visibility_in_menu": null, "is_home": true, "application_urls": "HomeApphook", "application_namespace": "home", "publisher_is_draft": true, "publisher_public": 2, "languages": "en", "revision_id": 0, "xframe_options": 0, "placeholders": [8]}}, {"model": "cms.page", "pk": 2, "fields": {"path": "0002", "depth": 1, "numchild": 0, "created_by": "blackrain", "changed_by": "blackrain", "parent": null, "creation_date": "2017-08-05T04:55:46.426Z", "changed_date": "2017-08-23T08:08:41.410Z", "publication_date": "2017-08-05T04:55:46.423Z", "publication_end_date": null, "in_navigation": true, "soft_root": false, "reverse_id": null, "navigation_extenders": "", "template": "CBF/home.html", "site": 1, "login_required": false, "limit_visibility_in_menu": null, "is_home": true, "application_urls": "HomeApphook", "application_namespace": "home", "publisher_is_draft": false, "publisher_public": 1, "languages": "en", "revision_id": 0, "xframe_options": 0, "placeholders": [7]}}, {"model": "cms.page", "pk": 3, "fields": {"path": "0004", "depth": 1, "numchild": 0, "created_by": "blackrain", "changed_by": "blackrain", "parent": null, "creation_date": "2017-08-05T05:03:36.050Z", "changed_date": "2017-08-10T00:34:59.439Z", "publication_date": "2017-08-06T04:41:11.485Z", "publication_end_date": null, "in_navigation": true, "soft_root": false, "reverse_id": null, "navigation_extenders": "", "template": "CBF/post-home.html", "site": 1, "login_required": false, "limit_visibility_in_menu": null, "is_home": false, "application_urls": "SermonApphook", "application_namespace": "sermons", "publisher_is_draft": true, "publisher_public": 9, "languages": "en", "revision_id": 0, "xframe_options": 0, "placeholders": []}}, {"model": "cms.page", "pk": 4, "fields": {"path": "0007", "depth": 1, "numchild": 0, "created_by": "blackrain", "changed_by": "blackrain", "parent": null, "creation_date": "2017-08-05T05:03:50.773Z", "changed_date": "2017-08-23T08:08:41.562Z", "publication_date": "2017-08-06T04:41:13.707Z", "publication_end_date": null, "in_navigation": true, "soft_root": false, "reverse_id": null, "navigation_extenders": "", "template": "INHERIT", "site": 1, "login_required": false, "limit_visibility_in_menu": null, "is_home": false, "application_urls": "EventApphook", "application_namespace": "events", "publisher_is_draft": true, "publisher_public": 10, "languages": "en", "revision_id": 0, "xframe_options": 0, "placeholders": [9]}}, {"model": "cms.page", "pk": 5, "fields": {"path": "000A", "depth": 1, "numchild": 0, "created_by": "blackrain", "changed_by": "blackrain", "parent": null, "creation_date": "2017-08-05T05:04:13.880Z", "changed_date": "2017-08-21T23:58:41.591Z", "publication_date": "2017-08-06T04:41:15.642Z", "publication_end_date": null, "in_navigation": false, "soft_root": false, "reverse_id": null, "navigation_extenders": null, "template": "CBF/cell.html", "site": 1, "login_required": false, "limit_visibility_in_menu": null, "is_home": false, "application_urls": "", "application_namespace": null, "publisher_is_draft": true, "publisher_public": 11, "languages": "en", "revision_id": 0, "xframe_options": 0, "placeholders": []}}, {"model": "cms.page", "pk": 6, "fields": {"path": "000C", "depth": 1, "numchild": 0, "created_by": "blackrain", "changed_by": "blackrain", "parent": null, "creation_date": "2017-08-05T05:04:49.852Z", "changed_date": "2017-08-10T00:34:27.656Z", "publication_date": "2017-08-06T04:41:17.598Z", "publication_end_date": null, "in_navigation": true, "soft_root": false, "reverse_id": null, "navigation_extenders": "", "template": "CBF/post-home.html", "site": 1, "login_required": false, "limit_visibility_in_menu": null, "is_home": false, "application_urls": "ThoughtApphook", "application_namespace": "thoughts", "publisher_is_draft": true, "publisher_public": 12, "languages": "en", "revision_id": 0, "xframe_options": 0, "placeholders": []}}, {"model": "cms.page", "pk": 7, "fields": {"path": "000E", "depth": 1, "numchild": 0, "created_by": "blackrain", "changed_by": "blackrain", "parent": null, "creation_date": "2017-08-05T05:05:04.297Z", "changed_date": "2017-08-21T23:58:34.590Z", "publication_date": "2017-08-06T04:41:19.410Z", "publication_end_date": null, "in_navigation": false, "soft_root": false, "reverse_id": null, "navigation_extenders": null, "template": "INHERIT", "site": 1, "login_required": false, "limit_visibility_in_menu": null, "is_home": false, "application_urls": null, "application_namespace": null, "publisher_is_draft": true, "publisher_public": 13, "languages": "en", "revision_id": 0, "xframe_options": 0, "placeholders": []}}, {"model": "cms.page", "pk": 8, "fields": {"path": "000H", "depth": 1, "numchild": 0, "created_by": "blackrain", "changed_by": "blackrain", "parent": null, "creation_date": "2017-08-05T05:05:18.140Z", "changed_date": "2017-08-23T07:30:54.445Z", "publication_date": "2017-08-06T04:41:21.351Z", "publication_end_date": null, "in_navigation": true, "soft_root": false, "reverse_id": null, "navigation_extenders": "", "template": "CBF/about-us.html", "site": 1, "login_required": false, "limit_visibility_in_menu": null, "is_home": false, "application_urls": "AboutUsAppHook", "application_namespace": "about_us", "publisher_is_draft": true, "publisher_public": 14, "languages": "en", "revision_id": 0, "xframe_options": 0, "placeholders": [2, 3]}}, {"model": "cms.page", "pk": 9, "fields": {"path": "0005", "depth": 1, "numchild": 0, "created_by": "blackrain", "changed_by": "blackrain", "parent": null, "creation_date": "2017-08-06T04:41:11.488Z", "changed_date": "2017-08-10T00:34:20.054Z", "publication_date": "2017-08-06T04:41:11.485Z", "publication_end_date": null, "in_navigation": true, "soft_root": false, "reverse_id": null, "navigation_extenders": "", "template": "CBF/post-home.html", "site": 1, "login_required": false, "limit_visibility_in_menu": null, "is_home": false, "application_urls": "SermonApphook", "application_namespace": "sermons", "publisher_is_draft": false, "publisher_public": 3, "languages": "en", "revision_id": 0, "xframe_options": 0, "placeholders": []}}, {"model": "cms.page", "pk": 10, "fields": {"path": "0008", "depth": 1, "numchild": 0, "created_by": "blackrain", "changed_by": "blackrain", "parent": null, "creation_date": "2017-08-06T04:41:13.710Z", "changed_date": "2017-08-23T08:08:41.116Z", "publication_date": "2017-08-06T04:41:13.707Z", "publication_end_date": null, "in_navigation": true, "soft_root": false, "reverse_id": null, "navigation_extenders": "", "template": "INHERIT", "site": 1, "login_required": false, "limit_visibility_in_menu": null, "is_home": false, "application_urls": "EventApphook", "application_namespace": "events", "publisher_is_draft": false, "publisher_public": 4, "languages": "en", "revision_id": 0, "xframe_options": 0, "placeholders": [10]}}, {"model": "cms.page", "pk": 11, "fields": {"path": "000B", "depth": 1, "numchild": 0, "created_by": "blackrain", "changed_by": "blackrain", "parent": null, "creation_date": "2017-08-06T04:41:15.644Z", "changed_date": "2017-08-21T23:58:41.346Z", "publication_date": "2017-08-06T04:41:15.642Z", "publication_end_date": null, "in_navigation": true, "soft_root": false, "reverse_id": null, "navigation_extenders": null, "template": "INHERIT", "site": 1, "login_required": false, "limit_visibility_in_menu": null, "is_home": false, "application_urls": "", "application_namespace": null, "publisher_is_draft": false, "publisher_public": 5, "languages": "en", "revision_id": 0, "xframe_options": 0, "placeholders": []}}, {"model": "cms.page", "pk": 12, "fields": {"path": "000D", "depth": 1, "numchild": 0, "created_by": "blackrain", "changed_by": "blackrain", "parent": null, "creation_date": "2017-08-06T04:41:17.601Z", "changed_date": "2017-08-10T00:34:27.617Z", "publication_date": "2017-08-06T04:41:17.598Z", "publication_end_date": null, "in_navigation": true, "soft_root": false, "reverse_id": null, "navigation_extenders": "", "template": "CBF/post-home.html", "site": 1, "login_required": false, "limit_visibility_in_menu": null, "is_home": false, "application_urls": "ThoughtApphook", "application_namespace": "thoughts", "publisher_is_draft": false, "publisher_public": 6, "languages": "en", "revision_id": 0, "xframe_options": 0, "placeholders": []}}, {"model": "cms.page", "pk": 13, "fields": {"path": "000F", "depth": 1, "numchild": 0, "created_by": "blackrain", "changed_by": "blackrain", "parent": null, "creation_date": "2017-08-06T04:41:19.412Z", "changed_date": "2017-08-21T23:58:34.306Z", "publication_date": "2017-08-06T04:41:19.410Z", "publication_end_date": null, "in_navigation": false, "soft_root": false, "reverse_id": null, "navigation_extenders": null, "template": "INHERIT", "site": 1, "login_required": false, "limit_visibility_in_menu": null, "is_home": false, "application_urls": null, "application_namespace": null, "publisher_is_draft": false, "publisher_public": 7, "languages": "en", "revision_id": 0, "xframe_options": 0, "placeholders": []}}, {"model": "cms.page", "pk": 14, "fields": {"path": "000I", "depth": 1, "numchild": 0, "created_by": "blackrain", "changed_by": "blackrain", "parent": null, "creation_date": "2017-08-06T04:41:21.353Z", "changed_date": "2017-08-23T07:30:54.347Z", "publication_date": "2017-08-06T04:41:21.351Z", "publication_end_date": null, "in_navigation": true, "soft_root": false, "reverse_id": null, "navigation_extenders": "", "template": "CBF/about-us.html", "site": 1, "login_required": false, "limit_visibility_in_menu": null, "is_home": false, "application_urls": "AboutUsAppHook", "application_namespace": "about_us", "publisher_is_draft": false, "publisher_public": 8, "languages": "en", "revision_id": 0, "xframe_options": 0, "placeholders": [5, 6]}}, {"model": "cms.page", "pk": 15, "fields": {"path": "00010001", "depth": 2, "numchild": 0, "created_by": "blackrain", "changed_by": "blackrain", "parent": 1, "creation_date": "2017-08-18T05:18:20.409Z", "changed_date": "2017-08-21T23:57:12.166Z", "publication_date": null, "publication_end_date": null, "in_navigation": true, "soft_root": false, "reverse_id": null, "navigation_extenders": "", "template": "CBF/thanks.html", "site": 1, "login_required": false, "limit_visibility_in_menu": null, "is_home": false, "application_urls": "", "application_namespace": null, "publisher_is_draft": true, "publisher_public": null, "languages": "en", "revision_id": 0, "xframe_options": 0, "placeholders": [4]}}, {"model": "cms.placeholder", "pk": 1, "fields": {"slot": "clipboard", "default_width": null}}, {"model": "cms.placeholder", "pk": 2, "fields": {"slot": "Titulo de lideres principales", "default_width": null}}, {"model": "cms.placeholder", "pk": 3, "fields": {"slot": "Titulos de lideres", "default_width": null}}, {"model": "cms.placeholder", "pk": 4, "fields": {"slot": "Mensaje de gratitud al suscriptor", "default_width": null}}, {"model": "cms.placeholder", "pk": 5, "fields": {"slot": "Titulo de lideres principales", "default_width": null}}, {"model": "cms.placeholder", "pk": 6, "fields": {"slot": "Titulos de lideres", "default_width": null}}, {"model": "cms.placeholder", "pk": 7, "fields": {"slot": "Botones en Slider", "default_width": null}}, {"model": "cms.placeholder", "pk": 8, "fields": {"slot": "Botones en Slider", "default_width": null}}, {"model": "cms.placeholder", "pk": 9, "fields": {"slot": "Botones en Slider", "default_width": null}}, {"model": "cms.placeholder", "pk": 10, "fields": {"slot": "Botones en Slider", "default_width": null}}, {"model": "cms.cmsplugin", "pk": 1, "fields": {"path": "0001", "depth": 1, "numchild": 0, "placeholder": 2, "parent": null, "position": 0, "language": "en", "plugin_type": "SnippetPlugin", "creation_date": "2017-08-18T02:19:27.702Z", "changed_date": "2017-08-18T02:19:27.707Z"}}, {"model": "cms.cmsplugin", "pk": 2, "fields": {"path": "0002", "depth": 1, "numchild": 0, "placeholder": 3, "parent": null, "position": 0, "language": "en", "plugin_type": "SnippetPlugin", "creation_date": "2017-08-18T02:19:54.203Z", "changed_date": "2017-08-18T02:19:54.210Z"}}, {"model": "cms.cmsplugin", "pk": 3, "fields": {"path": "0003", "depth": 1, "numchild": 0, "placeholder": 4, "parent": null, "position": 0, "language": "en", "plugin_type": "SnippetPlugin", "creation_date": "2017-08-18T05:20:42.276Z", "changed_date": "2017-08-18T05:24:24.095Z"}}, {"model": "cms.cmsplugin", "pk": 4, "fields": {"path": "0004", "depth": 1, "numchild": 0, "placeholder": 2, "parent": null, "position": 1, "language": "en", "plugin_type": "TextPlugin", "creation_date": "2017-08-22T19:56:09.124Z", "changed_date": "2017-08-22T19:57:04.487Z"}}, {"model": "cms.cmsplugin", "pk": 5, "fields": {"path": "0005", "depth": 1, "numchild": 0, "placeholder": 3, "parent": null, "position": 1, "language": "en", "plugin_type": "TextPlugin", "creation_date": "2017-08-22T19:56:26.955Z", "changed_date": "2017-08-22T19:56:31.917Z"}}, {"model": "cms.cmsplugin", "pk": 6, "fields": {"path": "0006", "depth": 1, "numchild": 0, "placeholder": 5, "parent": null, "position": 0, "language": "en", "plugin_type": "SnippetPlugin", "creation_date": "2017-08-23T07:30:54.252Z", "changed_date": "2017-08-23T07:30:54.259Z"}}, {"model": "cms.cmsplugin", "pk": 7, "fields": {"path": "0007", "depth": 1, "numchild": 0, "placeholder": 5, "parent": null, "position": 1, "language": "en", "plugin_type": "TextPlugin", "creation_date": "2017-08-22T19:56:09.124Z", "changed_date": "2017-08-23T07:30:54.291Z"}}, {"model": "cms.cmsplugin", "pk": 8, "fields": {"path": "0008", "depth": 1, "numchild": 0, "placeholder": 6, "parent": null, "position": 0, "language": "en", "plugin_type": "SnippetPlugin", "creation_date": "2017-08-23T07:30:54.302Z", "changed_date": "2017-08-23T07:30:54.309Z"}}, {"model": "cms.cmsplugin", "pk": 9, "fields": {"path": "0009", "depth": 1, "numchild": 0, "placeholder": 6, "parent": null, "position": 1, "language": "en", "plugin_type": "TextPlugin", "creation_date": "2017-08-22T19:56:26.955Z", "changed_date": "2017-08-23T07:30:54.337Z"}}, {"model": "cms.cmsplugin", "pk": 10, "fields": {"path": "000A", "depth": 1, "numchild": 0, "placeholder": 8, "parent": null, "position": 0, "language": "en", "plugin_type": "SnippetPlugin", "creation_date": "2017-08-23T07:48:36.007Z", "changed_date": "2017-08-23T07:48:36.080Z"}}, {"model": "cms.cmsplugin", "pk": 12, "fields": {"path": "000B", "depth": 1, "numchild": 0, "placeholder": 7, "parent": null, "position": 0, "language": "en", "plugin_type": "SnippetPlugin", "creation_date": "2017-08-23T07:48:36.007Z", "changed_date": "2017-08-23T08:06:20.948Z"}}, {"model": "cms.title", "pk": 1, "fields": {"language": "en", "title": "Inicio", "page_title": "Inicio", "menu_title": "Inicio", "meta_description": "", "slug": "inicio", "path": "", "has_url_overwrite": false, "redirect": null, "page": 1, "creation_date": "2017-08-05T04:55:46.420Z", "published": true, "publisher_is_draft": true, "publisher_public": 2, "publisher_state": 0}}, {"model": "cms.title", "pk": 2, "fields": {"language": "en", "title": "Inicio", "page_title": "Inicio", "menu_title": "Inicio", "meta_description": "", "slug": "inicio", "path": "", "has_url_overwrite": false, "redirect": null, "page": 2, "creation_date": "2017-08-05T04:55:46.420Z", "published": true, "publisher_is_draft": false, "publisher_public": 1, "publisher_state": 1}}, {"model": "cms.title", "pk": 3, "fields": {"language": "en", "title": "Sermones", "page_title": "Sermones", "menu_title": "Sermones", "meta_description": "", "slug": "sermones", "path": "sermones", "has_url_overwrite": false, "redirect": null, "page": 3, "creation_date": "2017-08-05T05:03:36.095Z", "published": true, "publisher_is_draft": true, "publisher_public": 9, "publisher_state": 0}}, {"model": "cms.title", "pk": 4, "fields": {"language": "en", "title": "Eventos", "page_title": "Eventos", "menu_title": "Eventos", "meta_description": "", "slug": "eventos", "path": "eventos", "has_url_overwrite": false, "redirect": null, "page": 4, "creation_date": "2017-08-05T05:03:50.817Z", "published": true, "publisher_is_draft": true, "publisher_public": 10, "publisher_state": 0}}, {"model": "cms.title", "pk": 5, "fields": {"language": "en", "title": "Celulas", "page_title": "Celulas", "menu_title": "Celulas", "meta_description": "", "slug": "celulas", "path": "celulas", "has_url_overwrite": false, "redirect": null, "page": 5, "creation_date": "2017-08-05T05:04:13.932Z", "published": false, "publisher_is_draft": true, "publisher_public": 11, "publisher_state": 1}}, {"model": "cms.title", "pk": 6, "fields": {"language": "en", "title": "Reflexiones", "page_title": "Reflexiones", "menu_title": "Reflexiones", "meta_description": "", "slug": "reflexiones", "path": "reflexiones", "has_url_overwrite": false, "redirect": null, "page": 6, "creation_date": "2017-08-05T05:04:49.900Z", "published": true, "publisher_is_draft": true, "publisher_public": 12, "publisher_state": 0}}, {"model": "cms.title", "pk": 7, "fields": {"language": "en", "title": "Libros", "page_title": "Libros", "menu_title": "Libros", "meta_description": "", "slug": "libros", "path": "libros", "has_url_overwrite": false, "redirect": null, "page": 7, "creation_date": "2017-08-05T05:05:04.340Z", "published": false, "publisher_is_draft": true, "publisher_public": 13, "publisher_state": 1}}, {"model": "cms.title", "pk": 8, "fields": {"language": "en", "title": "Con\u00f3cenos", "page_title": "Con\u00f3cenos", "menu_title": "Con\u00f3cenos", "meta_description": "", "slug": "conocenos", "path": "conocenos", "has_url_overwrite": false, "redirect": null, "page": 8, "creation_date": "2017-08-05T05:05:18.183Z", "published": true, "publisher_is_draft": true, "publisher_public": 14, "publisher_state": 0}}, {"model": "cms.title", "pk": 9, "fields": {"language": "en", "title": "Sermones", "page_title": "Sermones", "menu_title": "Sermones", "meta_description": "", "slug": "sermones", "path": "sermones", "has_url_overwrite": false, "redirect": null, "page": 9, "creation_date": "2017-08-05T05:03:36.095Z", "published": true, "publisher_is_draft": false, "publisher_public": 3, "publisher_state": 0}}, {"model": "cms.title", "pk": 10, "fields": {"language": "en", "title": "Eventos", "page_title": "Eventos", "menu_title": "Eventos", "meta_description": "", "slug": "eventos", "path": "eventos", "has_url_overwrite": false, "redirect": null, "page": 10, "creation_date": "2017-08-05T05:03:50.817Z", "published": true, "publisher_is_draft": false, "publisher_public": 4, "publisher_state": 0}}, {"model": "cms.title", "pk": 11, "fields": {"language": "en", "title": "Celulas", "page_title": "Celulas", "menu_title": "Celulas", "meta_description": "", "slug": "celulas", "path": "celulas", "has_url_overwrite": false, "redirect": null, "page": 11, "creation_date": "2017-08-05T05:04:13.932Z", "published": false, "publisher_is_draft": false, "publisher_public": 5, "publisher_state": 0}}, {"model": "cms.title", "pk": 12, "fields": {"language": "en", "title": "Reflexiones", "page_title": "Reflexiones", "menu_title": "Reflexiones", "meta_description": "", "slug": "reflexiones", "path": "reflexiones", "has_url_overwrite": false, "redirect": null, "page": 12, "creation_date": "2017-08-05T05:04:49.900Z", "published": true, "publisher_is_draft": false, "publisher_public": 6, "publisher_state": 0}}, {"model": "cms.title", "pk": 13, "fields": {"language": "en", "title": "Libros", "page_title": "Libros", "menu_title": "Libros", "meta_description": "", "slug": "libros", "path": "libros", "has_url_overwrite": false, "redirect": null, "page": 13, "creation_date": "2017-08-05T05:05:04.340Z", "published": false, "publisher_is_draft": false, "publisher_public": 7, "publisher_state": 0}}, {"model": "cms.title", "pk": 14, "fields": {"language": "en", "title": "Con\u00f3cenos", "page_title": "Con\u00f3cenos", "menu_title": "Con\u00f3cenos", "meta_description": "", "slug": "conocenos", "path": "conocenos", "has_url_overwrite": false, "redirect": null, "page": 14, "creation_date": "2017-08-05T05:05:18.183Z", "published": true, "publisher_is_draft": false, "publisher_public": 8, "publisher_state": 1}}, {"model": "cms.title", "pk": 15, "fields": {"language": "en", "title": "Gracias", "page_title": "", "menu_title": "", "meta_description": "", "slug": "gracias", "path": "gracias", "has_url_overwrite": false, "redirect": null, "page": 15, "creation_date": "2017-08-18T05:18:20.460Z", "published": false, "publisher_is_draft": true, "publisher_public": null, "publisher_state": 1}}, {"model": "cms.urlconfrevision", "pk": 1, "fields": {"revision": "fdbd517f-c7c9-4d21-b6cf-9b135a5aff99"}}, {"model": "widgets.bannergroup", "pk": 2, "fields": {"public_extension": 3, "extended_object": 1}}, {"model": "widgets.bannergroup", "pk": 3, "fields": {"public_extension": null, "extended_object": 2}}, {"model": "widgets.bannergroup", "pk": 4, "fields": {"public_extension": null, "extended_object": 3}}, {"model": "widgets.bannergroup", "pk": 5, "fields": {"public_extension": null, "extended_object": 6}}, {"model": "widgets.slider", "pk": 1, "fields": {"public_extension": 2, "extended_object": 1}}, {"model": "widgets.slider", "pk": 2, "fields": {"public_extension": null, "extended_object": 2}}, {"model": "widgets.sliderimage", "pk": 1, "fields": {"created": "2017-08-19T02:51:50.716Z", "modified": "2017-08-23T07:49:15.888Z", "title": "Y esta es la vida eterna: que te conozcan a ti, el \u00fanico Dios verdadero, Y a Jesucristo , a quien has enviado", "content": "Juan 17.3", "img": 5, "slider": 1}}, {"model": "widgets.sliderimage", "pk": 2, "fields": {"created": "2017-08-19T02:51:50.719Z", "modified": "2017-08-23T07:49:15.890Z", "title": "Y esta es la vida eterna: que te conozcan a ti, el \u00fanico Dios verdadero, Y a Jesucristo , a quien has enviado", "content": "Juan 17.3", "img": 6, "slider": 1}}, {"model": "widgets.sliderimage", "pk": 3, "fields": {"created": "2017-08-19T02:51:50.719Z", "modified": "2017-08-23T07:49:15.892Z", "title": "Y esta es la vida eterna: que te conozcan a ti, el \u00fanico Dios verdadero, Y a Jesucristo , a quien has enviado", "content": "Juan 17.3", "img": 6, "slider": 1}}, {"model": "widgets.sliderimage", "pk": 4, "fields": {"created": "2017-08-19T02:51:50.716Z", "modified": "2017-08-23T07:49:15.893Z", "title": "Y esta es la vida eterna: que te conozcan a ti, el \u00fanico Dios verdadero, Y a Jesucristo , a quien has enviado", "content": "Juan 17.3", "img": 5, "slider": 1}}, {"model": "widgets.sliderimage", "pk": 5, "fields": {"created": "2017-08-19T02:51:50.716Z", "modified": "2017-08-23T08:06:22.551Z", "title": "Y esta es la vida eterna: que te conozcan a ti, el \u00fanico Dios verdadero, Y a Jesucristo , a quien has enviado", "content": "Juan 17.3", "img": 5, "slider": 1}}, {"model": "widgets.sliderimage", "pk": 6, "fields": {"created": "2017-08-19T02:51:50.719Z", "modified": "2017-08-23T08:06:22.555Z", "title": "Y esta es la vida eterna: que te conozcan a ti, el \u00fanico Dios verdadero, Y a Jesucristo , a quien has enviado", "content": "Juan 17.3", "img": 6, "slider": 1}}, {"model": "widgets.sliderimage", "pk": 7, "fields": {"created": "2017-08-19T02:51:50.719Z", "modified": "2017-08-23T08:06:22.578Z", "title": "Y esta es la vida eterna: que te conozcan a ti, el \u00fanico Dios verdadero, Y a Jesucristo , a quien has enviado", "content": "Juan 17.3", "img": 6, "slider": 1}}, {"model": "widgets.sliderimage", "pk": 8, "fields": {"created": "2017-08-19T02:51:50.716Z", "modified": "2017-08-23T08:06:22.596Z", "title": "Y esta es la vida eterna: que te conozcan a ti, el \u00fanico Dios verdadero, Y a Jesucristo , a quien has enviado", "content": "Juan 17.3", "img": 5, "slider": 1}}, {"model": "filer.folder", "pk": 1, "fields": {"parent": null, "name": "profile_images", "owner": 1, "uploaded_at": "2017-08-18T20:40:51.594Z", "created_at": "2017-08-18T20:40:51.594Z", "modified_at": "2017-08-18T20:40:51.594Z", "lft": 1, "rght": 2, "tree_id": 1, "level": 0}}, {"model": "filer.folder", "pk": 2, "fields": {"parent": null, "name": "sermons", "owner": 1, "uploaded_at": "2017-08-18T20:52:36.207Z", "created_at": "2017-08-18T20:52:36.207Z", "modified_at": "2017-08-18T20:52:36.207Z", "lft": 1, "rght": 2, "tree_id": 2, "level": 0}}, {"model": "filer.folder", "pk": 3, "fields": {"parent": null, "name": "sliders", "owner": 1, "uploaded_at": "2017-08-19T02:51:20.829Z", "created_at": "2017-08-19T02:51:20.829Z", "modified_at": "2017-08-19T02:51:20.829Z", "lft": 1, "rght": 2, "tree_id": 3, "level": 0}}, {"model": "filer.folder", "pk": 4, "fields": {"parent": null, "name": "banners", "owner": 1, "uploaded_at": "2017-08-19T02:52:43.972Z", "created_at": "2017-08-19T02:52:43.972Z", "modified_at": "2017-08-19T02:52:43.972Z", "lft": 1, "rght": 2, "tree_id": 4, "level": 0}}, {"model": "filer.file", "pk": 1, "fields": {"polymorphic_ctype": 28, "folder": 1, "file": "filer_public/57/9d/579d97d3-adc2-4b8c-a41e-d1549eaeffa7/victor-medina.png", "_file_size": 1090117, "sha1": "27c497f73c7878726d096ead753a621db5286327", "has_all_mandatory_data": false, "original_filename": "victor-medina.png", "name": "", "description": "", "owner": 1, "uploaded_at": "2017-08-18T20:42:10.696Z", "modified_at": "2017-08-19T02:48:27.870Z", "is_public": true}}, {"model": "filer.file", "pk": 2, "fields": {"polymorphic_ctype": 28, "folder": 1, "file": "filer_public/cd/f9/cdf9ff92-5581-4d30-b8e5-60536ba9ef43/bethania.png", "_file_size": 1990584, "sha1": "41e0d254ab631bd51b4fa9be5e9a6f2a4f47efb3", "has_all_mandatory_data": false, "original_filename": "bethania.png", "name": "", "description": "", "owner": 1, "uploaded_at": "2017-08-18T20:48:15.499Z", "modified_at": "2017-08-19T02:47:44.036Z", "is_public": true}}, {"model": "filer.file", "pk": 3, "fields": {"polymorphic_ctype": 28, "folder": 1, "file": "filer_public/ab/83/ab83c8df-4b71-408c-9a1a-5782806216fa/jackeline.png", "_file_size": 2435728, "sha1": "5694c1e0f134af68ef47794d6619d8bfe182f6af", "has_all_mandatory_data": false, "original_filename": "jackeline.png", "name": "", "description": "", "owner": 1, "uploaded_at": "2017-08-18T20:51:38.800Z", "modified_at": "2017-08-19T02:48:05.633Z", "is_public": true}}, {"model": "filer.file", "pk": 4, "fields": {"polymorphic_ctype": 28, "folder": 2, "file": "filer_public/45/76/45766ded-89e1-4452-b175-73a7d21f3bb0/logo.png", "_file_size": 107537, "sha1": "0b305d7087194ff0e532e6b81bdef2603a753ebf", "has_all_mandatory_data": false, "original_filename": "logo.png", "name": "", "description": "", "owner": 1, "uploaded_at": "2017-08-18T20:52:53.912Z", "modified_at": "2017-08-19T02:46:49.216Z", "is_public": true}}, {"model": "filer.file", "pk": 5, "fields": {"polymorphic_ctype": 28, "folder": 3, "file": "filer_public/ba/16/ba161c22-3150-47fd-b19e-1baeb4b561fa/slider-1.jpg", "_file_size": 251176, "sha1": "28569b79b2eff32c7305b91e4a2e164cfe75e93b", "has_all_mandatory_data": false, "original_filename": "slider-1.jpg", "name": "", "description": null, "owner": 1, "uploaded_at": "2017-08-19T02:51:29.336Z", "modified_at": "2017-08-19T02:51:29.336Z", "is_public": true}}, {"model": "filer.file", "pk": 6, "fields": {"polymorphic_ctype": 28, "folder": 3, "file": "filer_public/a0/90/a090cc6d-c6c8-4667-8b54-e880e23b4719/slider-2.jpg", "_file_size": 255496, "sha1": "0c9359da186c33111b084df1cb01a2158135363e", "has_all_mandatory_data": false, "original_filename": "slider-2.jpg", "name": "", "description": null, "owner": 1, "uploaded_at": "2017-08-19T02:51:40.842Z", "modified_at": "2017-08-19T02:51:40.842Z", "is_public": true}}, {"model": "filer.file", "pk": 7, "fields": {"polymorphic_ctype": 28, "folder": 4, "file": "filer_public/47/9d/479da3ef-96f1-42fa-96c3-c8d227a1ccba/cbf-banner.png", "_file_size": 1034096, "sha1": "3e20fd1b42df87b914a95c5e5923e717064300da", "has_all_mandatory_data": false, "original_filename": "cbf-banner.png", "name": "", "description": null, "owner": 1, "uploaded_at": "2017-08-19T02:53:24.436Z", "modified_at": "2017-08-19T02:53:24.437Z", "is_public": true}}, {"model": "filer.file", "pk": 10, "fields": {"polymorphic_ctype": 28, "folder": 4, "file": "filer_public/62/48/6248fc3f-e564-49e6-ad5d-a24cd2cceab8/cbf-banner-3.jpg", "_file_size": 110048, "sha1": "bbd658c2b26f2b3baaf5ac70abac78f819d4f046", "has_all_mandatory_data": false, "original_filename": "cbf-banner-3.jpg", "name": "", "description": null, "owner": 1, "uploaded_at": "2017-08-19T02:53:30.303Z", "modified_at": "2017-08-19T02:53:30.303Z", "is_public": true}}, {"model": "filer.file", "pk": 11, "fields": {"polymorphic_ctype": 28, "folder": 4, "file": "filer_public/e9/2a/e92a4a43-40a2-4d16-ab19-ca24b737d63f/cbf-banner-4.png", "_file_size": 1694000, "sha1": "a843d8491ff1afb820d428890c4ba7d109166ecb", "has_all_mandatory_data": false, "original_filename": "cbf-banner-4.png", "name": "", "description": null, "owner": 1, "uploaded_at": "2017-08-19T02:53:43.370Z", "modified_at": "2017-08-19T02:53:43.370Z", "is_public": true}}, {"model": "filer.file", "pk": 12, "fields": {"polymorphic_ctype": 28, "folder": 4, "file": "filer_public/03/2e/032efb55-ffc3-47f0-bc98-67508366aa00/cbf-banner-3.jpg", "_file_size": 3455372, "sha1": "3c2806d6920f1220d6c6aee980b93f4e937b5d4b", "has_all_mandatory_data": false, "original_filename": "cbf-banner-3.jpg", "name": "", "description": null, "owner": 1, "uploaded_at": "2017-08-19T02:53:55.359Z", "modified_at": "2017-08-19T02:53:55.359Z", "is_public": true}}, {"model": "filer.file", "pk": 13, "fields": {"polymorphic_ctype": 28, "folder": 4, "file": "filer_public/3b/8f/3b8fd81a-ed46-4ee2-98ed-bbc615bb4430/cbf-banner-2.png", "_file_size": 978417, "sha1": "d81479ed0a513c384b0e984eb94b493ec1033290", "has_all_mandatory_data": false, "original_filename": "cbf-banner-2.png", "name": "", "description": null, "owner": 1, "uploaded_at": "2017-08-19T02:53:59.710Z", "modified_at": "2017-08-19T02:53:59.710Z", "is_public": true}}, {"model": "filer.file", "pk": 14, "fields": {"polymorphic_ctype": 28, "folder": 4, "file": "filer_public/56/f0/56f0a413-4b4d-497f-a1a5-07cc6b96aad6/cbf-banner-3.png", "_file_size": 8265721, "sha1": "8cc68a1229575f8718afe64916ed2b2b03fe7d1f", "has_all_mandatory_data": false, "original_filename": "cbf-banner-3.png", "name": "", "description": null, "owner": 1, "uploaded_at": "2017-08-19T02:54:02.597Z", "modified_at": "2017-08-19T02:54:02.597Z", "is_public": true}}, {"model": "filer.file", "pk": 15, "fields": {"polymorphic_ctype": 28, "folder": 4, "file": "filer_public/84/f7/84f7b950-f551-488e-a817-228d22580b92/follow-us.jpg", "_file_size": 947008, "sha1": "c587b12b60749bf6d1b2dc90a0916aa0a643ab6b", "has_all_mandatory_data": false, "original_filename": "follow-us.jpg", "name": "", "description": null, "owner": 1, "uploaded_at": "2017-08-19T02:56:38.001Z", "modified_at": "2017-08-19T02:56:38.001Z", "is_public": true}}, {"model": "filer.clipboard", "pk": 1, "fields": {"user": 1}}, {"model": "filer.image", "pk": 1, "fields": {"_height": 885, "_width": 726, "default_alt_text": "", "default_caption": "", "subject_location": "", "date_taken": "2017-08-18T20:42:10.637Z", "author": "", "must_always_publish_author_credit": false, "must_always_publish_copyright": false}}, {"model": "filer.image", "pk": 2, "fields": {"_height": 1192, "_width": 976, "default_alt_text": "", "default_caption": "", "subject_location": "", "date_taken": "2017-08-18T20:48:15.480Z", "author": "", "must_always_publish_author_credit": false, "must_always_publish_copyright": false}}, {"model": "filer.image", "pk": 3, "fields": {"_height": 1254, "_width": 1024, "default_alt_text": "", "default_caption": "", "subject_location": "", "date_taken": "2017-08-18T20:51:38.786Z", "author": "", "must_always_publish_author_credit": false, "must_always_publish_copyright": false}}, {"model": "filer.image", "pk": 4, "fields": {"_height": 600, "_width": 800, "default_alt_text": "", "default_caption": "", "subject_location": "", "date_taken": "2017-08-18T20:52:53.862Z", "author": "", "must_always_publish_author_credit": false, "must_always_publish_copyright": false}}, {"model": "filer.image", "pk": 5, "fields": {"_height": 1361, "_width": 2048, "default_alt_text": null, "default_caption": null, "subject_location": "", "date_taken": "2017-08-19T02:51:29.194Z", "author": null, "must_always_publish_author_credit": false, "must_always_publish_copyright": false}}, {"model": "filer.image", "pk": 6, "fields": {"_height": 1361, "_width": 2048, "default_alt_text": null, "default_caption": null, "subject_location": "", "date_taken": "2017-08-19T02:51:40.416Z", "author": null, "must_always_publish_author_credit": false, "must_always_publish_copyright": false}}, {"model": "filer.image", "pk": 7, "fields": {"_height": 450, "_width": 1996, "default_alt_text": null, "default_caption": null, "subject_location": "", "date_taken": "2017-08-19T02:53:24.164Z", "author": null, "must_always_publish_author_credit": false, "must_always_publish_copyright": false}}, {"model": "filer.image", "pk": 10, "fields": {"_height": 1238, "_width": 6016, "default_alt_text": null, "default_caption": null, "subject_location": "", "date_taken": "2017-08-19T02:53:30.093Z", "author": null, "must_always_publish_author_credit": false, "must_always_publish_copyright": false}}, {"model": "filer.image", "pk": 11, "fields": {"_height": 450, "_width": 2000, "default_alt_text": null, "default_caption": null, "subject_location": "", "date_taken": "2017-08-19T02:53:42.676Z", "author": null, "must_always_publish_author_credit": false, "must_always_publish_copyright": false}}, {"model": "filer.image", "pk": 12, "fields": {"_height": 1238, "_width": 6016, "default_alt_text": null, "default_caption": null, "subject_location": "", "date_taken": "2017-08-19T02:53:54.565Z", "author": null, "must_always_publish_author_credit": false, "must_always_publish_copyright": false}}, {"model": "filer.image", "pk": 13, "fields": {"_height": 450, "_width": 1995, "default_alt_text": null, "default_caption": null, "subject_location": "", "date_taken": "2017-08-19T02:53:59.603Z", "author": null, "must_always_publish_author_credit": false, "must_always_publish_copyright": false}}, {"model": "filer.image", "pk": 14, "fields": {"_height": 803, "_width": 5995, "default_alt_text": null, "default_caption": null, "subject_location": "", "date_taken": "2017-08-19T02:54:01.930Z", "author": null, "must_always_publish_author_credit": false, "must_always_publish_copyright": false}}, {"model": "filer.image", "pk": 15, "fields": {"_height": 1100, "_width": 2000, "default_alt_text": null, "default_caption": null, "subject_location": "", "date_taken": "2017-08-19T02:56:37.824Z", "author": null, "must_always_publish_author_credit": false, "must_always_publish_copyright": false}}, {"model": "sermons.tag", "pk": 1, "fields": {"name": "Amor de Dios"}}, {"model": "sermons.tag", "pk": 2, "fields": {"name": "Atributos de Dios"}}, {"model": "sermons.tag", "pk": 3, "fields": {"name": "Galatas 1.11-24"}}, {"model": "sermons.tag", "pk": 4, "fields": {"name": "Transformacion"}}, {"model": "sermons.tag", "pk": 5, "fields": {"name": "Culto familiar"}}, {"model": "sermons.tag", "pk": 6, "fields": {"name": "Reunion miembros"}}, {"model": "sermons.tag", "pk": 7, "fields": {"name": "Ayuno Congregacional"}}, {"model": "sermons.sermon", "pk": 2, "fields": {"created": "2017-08-09T05:16:05.915Z", "modified": "2017-08-18T07:53:46.464Z", "name": "El evangelio cambia al menos pensado", "slug": "el-evangelio-cambia-al-menos-pensado", "summary": "\u00bfHas tenido alguna situaci\u00f3n en la cu\u00e1l piensas en alguien que nunca cambiar\u00e1 ni con el evangelio? Hoy desmontamos ese pensamiento", "date_published": "2017-08-09T05:16:05.919Z", "is_published": true, "img": 4, "date_created": "2017-08-09T05:21:30Z", "content": "En esta entrega nuestro pastor nos ense\u00f1a c\u00f3mo en muchas ocasiones nosotros subestimamos el evangelio al momento de juzgar quienes podr\u00edan escuchar la palabra y quienes no. \r\n\r\nDebemos recordar que aunque nos corresponde predicar la Biblia a tiempo y fuera de tiempo, no depende de nosotros juzgar para qui\u00e9n ser\u00e1 efectiva la Palabra. Ya que de por s\u00ed la palabra de Dios es viva y eficaz sea quien sea que predique", "url": "https://www.youtube.com/watch?v=oVD0z3o32pY&index=12&list=PLb7T88kR6sUo_f0dGe1WaP5QkpXRXxLpo&t=230s", "author": 1, "tags": [3, 4]}}, {"model": "sermons.sermon", "pk": 3, "fields": {"created": "2017-08-09T05:17:42.542Z", "modified": "2017-08-18T07:53:46.529Z", "name": "El amor adoptivo de Dios", "slug": "el-amor-adoptivo-de-dios", "summary": "De entre los tantos aspectos y caracter\u00edsticas que tiene el amor de Dios. Hoy repasamos la parte \"adoptiva\" de ese amor", "date_published": "2017-08-09T05:17:42.546Z", "is_published": true, "img": 4, "date_created": "2017-08-09T05:21:30Z", "content": "En este mensaje, nuestro pastor define y contrasta los diferentes roles salv\u00edficos de Dios en el proceso de salvaci\u00f3n del creyente, resaltando el m\u00e1s importante; El ser hijo de Dios", "url": "https://www.youtube.com/watch?v=-vvO9G0BFcI&index=1&list=PLb7T88kR6sUo_f0dGe1WaP5QkpXRXxLpo", "author": 1, "tags": [1, 2]}}, {"model": "sermons.sermon", "pk": 4, "fields": {"created": "2017-08-13T07:33:10.441Z", "modified": "2017-08-18T07:53:46.579Z", "name": "Tus pecados te son perdonados", "slug": "tus-pecados-te-son-perdonados", "summary": "", "date_published": "2017-08-13T07:33:10.443Z", "is_published": true, "img": 4, "date_created": "2017-04-30T04:00:00Z", "content": "\"Tus pecados te son perdonados\" \nEs el titulo que tratamos el dia del evento de regreso a casa, para siempre recodarnos que  sin importar nuestra condici\u00f2n de vida hemos encontrado gracia en El Se\u00f1or que nos perdona. as\u00ed como lo hizo y san\u00f3 al paral\u00edtico.", "url": "https://www.youtube.com/watch?=uBH87Tevamk", "author": 1, "tags": []}}, {"model": "sermons.sermon", "pk": 5, "fields": {"created": "2017-08-13T07:38:10.156Z", "modified": "2017-08-18T07:53:46.611Z", "name": "La f\u00f3rmula disciplinaria a los Tesalonicenses", "slug": "la-formula-disciplinaria-a-los-tesalonicenses", "summary": "", "date_published": "2017-08-13T07:38:10.157Z", "is_published": true, "img": 4, "date_created": "2017-05-07T04:00:00Z", "content": "Hoy repasamos c\u00f3mo Pablo corrigi\u00f3 a los Tesalonicenses y resaltamos la necesidad de que los l\u00edderes sean transparentes y sabios al momento de corregir.", "url": "https://www.youtube.com/watch?=3N6hEzPqQxY", "author": 1, "tags": []}}, {"model": "sermons.sermon", "pk": 6, "fields": {"created": "2017-08-13T07:38:10.296Z", "modified": "2017-08-18T07:53:46.632Z", "name": "La deidad de Cristo", "slug": "la-deidad-de-cristo", "summary": "", "date_published": "2017-08-13T07:38:10.296Z", "is_published": true, "img": 4, "date_created": "2017-05-30T04:00:00Z", "content": "Continuamos con nuestra serie de estudios b\u00edblicos de los martes. En esta ocasi\u00f3n tocamos el tema de \"La deidad de Cristo\", su relevancia y la perspectiva actual y pr\u00e1ctica de esta doctrina.", "url": "https://www.youtube.com/watch?=lcNrG704tLE", "author": 1, "tags": []}}, {"model": "sermons.sermon", "pk": 7, "fields": {"created": "2017-08-13T07:38:10.355Z", "modified": "2017-08-18T07:53:46.658Z", "name": "Cimentados correctamente en la sana doctrina", "slug": "cimentados-correctamente-en-la-sana-doctrina", "summary": "", "date_published": "2017-08-13T07:38:10.355Z", "is_published": true, "img": 4, "date_created": "2017-04-23T04:00:00Z", "content": "Nuestro pastor Victor Medina nos comparte lo que realmente deberiamos entender por estar fundamentados en una sana doctrina.", "url": "https://www.youtube.com/watch?=rANvisfS0HY", "author": 1, "tags": []}}, {"model": "sermons.sermon", "pk": 8, "fields": {"created": "2017-08-13T07:38:10.462Z", "modified": "2017-08-18T07:53:46.688Z", "name": "Una eleccion oportuna", "slug": "una-eleccion-oportuna", "summary": "", "date_published": "2017-08-13T07:38:10.462Z", "is_published": true, "img": 4, "date_created": "2017-04-16T04:00:00Z", "content": "", "url": "https://www.youtube.com/watch?=STAsDUVPphg", "author": 1, "tags": []}}, {"model": "sermons.sermon", "pk": 9, "fields": {"created": "2017-08-13T07:38:10.520Z", "modified": "2017-08-18T07:53:46.720Z", "name": "Integraci\u00f3n de nuestras doctrinas a nuestra cotidianidad", "slug": "integracion-de-nuestras-doctrinas-a-nuestra-cotidi", "summary": "", "date_published": "2017-08-13T07:38:10.520Z", "is_published": true, "img": 4, "date_created": "2017-04-11T04:00:00Z", "content": "Comenzamos una nueva serie acerca de las doctrinas de nuestra iglesia y c\u00f3mo corresponder nuestro d\u00eda a d\u00eda en base a lo que creemos", "url": "https://www.youtube.com/watch?=fTkudX03iSI", "author": 1, "tags": []}}, {"model": "sermons.sermon", "pk": 10, "fields": {"created": "2017-08-13T07:38:10.568Z", "modified": "2017-08-18T07:53:46.749Z", "name": "Como se ve un miembro disciplinado de una iglesia", "slug": "como-se-ve-un-miembro-disciplinado-de-una-iglesia", "summary": "", "date_published": "2017-08-13T07:38:10.568Z", "is_published": true, "img": 4, "date_created": "2017-01-03T04:00:00Z", "content": "Continuaci\u00f2n de nuestra serie \"Un miembro saludable de una iglesia saludable\" - \"Como se ve un miembro disciplinado de una iglesia\"", "url": "https://www.youtube.com/watch?=QDuOmOO6GwY", "author": 1, "tags": []}}, {"model": "sermons.sermon", "pk": 11, "fields": {"created": "2017-08-13T07:38:10.646Z", "modified": "2017-08-18T07:53:46.776Z", "name": "Ruegos de piedad III", "slug": "ruegos-de-piedad-iii", "summary": "", "date_published": "2017-08-13T07:38:10.646Z", "is_published": true, "img": 4, "date_created": "2017-01-08T04:00:00Z", "content": "Continuaci\u00f2n de la serie de sermones \"Ruegos de piedad\"", "url": "https://www.youtube.com/watch?=-NB1ghZm2Sw", "author": 1, "tags": []}}, {"model": "sermons.sermon", "pk": 12, "fields": {"created": "2017-08-13T07:38:10.709Z", "modified": "2017-08-18T07:53:46.802Z", "name": "Ruegos de piedad", "slug": "ruegos-de-piedad", "summary": "", "date_published": "2017-08-13T07:38:10.709Z", "is_published": true, "img": 4, "date_created": "2016-12-04T04:00:00Z", "content": "En esta entrega nuestro Pastor continua con el sermon acerca de 1 Tes. 5.12-24. \n\n12 Os rogamos, hermanos, que reconozc\u00e1is a los que trabajan entre vosotros, y os presiden en el Se\u00f1or, y os amonestan;\n\n13 y que los teng\u00e1is en mucha estima y amor por causa de su obra. Tened paz entre vosotros.\n\n14 Tambi\u00e9n os rogamos, hermanos, que amonest\u00e9is a los ociosos, que alent\u00e9is a los de poco \u00e1nimo, que sosteng\u00e1is a los d\u00e9biles, que se\u00e1is pacientes para con todos.\n\n15 Mirad que ninguno pague a otro mal por mal; antes seguid siempre lo bueno unos para con otros, y para con todos.\n\n16 Estad siempre gozosos.\n\n17 Orad sin cesar.\n\n18 Dad gracias en todo, porque esta es la voluntad de Dios para con vosotros en Cristo Jes\u00fas.\n\n19 No apagu\u00e9is al Esp\u00edritu.\n\n20 No menospreci\u00e9is las profec\u00edas.\n\n21 Examinadlo todo; retened lo bueno.\n\n22 Absteneos de toda especie de mal.\n\n23 Y el mismo Dios de paz os santifique por completo; y todo vuestro ser, esp\u00edritu, alma y cuerpo, sea guardado irreprensible para la venida de nuestro Se\u00f1or Jesucristo.\n\n24 Fiel es el que os llama, el cual tambi\u00e9n lo har\u00e1.", "url": "https://www.youtube.com/watch?=DhYki7a0Z5o", "author": 1, "tags": []}}, {"model": "sermons.sermon", "pk": 13, "fields": {"created": "2017-08-13T07:38:10.820Z", "modified": "2017-08-18T07:53:46.824Z", "name": "Hab\u00e9is entendido todas estas cosas", "slug": "habeis-entendido-todas-estas-cosas", "summary": "", "date_published": "2017-08-13T07:38:10.820Z", "is_published": true, "img": 4, "date_created": "2016-12-04T04:00:00Z", "content": "", "url": "https://www.youtube.com/watch?=U3MbvKg_eIE", "author": 1, "tags": []}}, {"model": "sermons.sermon", "pk": 14, "fields": {"created": "2017-08-13T07:38:10.858Z", "modified": "2017-08-18T07:53:46.856Z", "name": "Un Dios fuerte en momentos dificiles", "slug": "un-dios-fuerte-en-momentos-dificiles", "summary": "", "date_published": "2017-08-13T07:38:10.858Z", "is_published": true, "img": 4, "date_created": "2016-12-03T04:00:00Z", "content": "", "url": "https://www.youtube.com/watch?=NrXy3tBs4sg", "author": 1, "tags": []}}, {"model": "sermons.sermon", "pk": 15, "fields": {"created": "2017-08-13T07:38:10.918Z", "modified": "2017-08-18T07:53:46.892Z", "name": "En las manos de un Dios fuerte", "slug": "en-las-manos-de-un-dios-fuerte", "summary": "", "date_published": "2017-08-13T07:38:10.918Z", "is_published": true, "img": 4, "date_created": "2016-10-16T04:00:00Z", "content": "Nuestro Pastor V\u00edctor Medina en esta ocasi\u00f3n nos comparte acerca de la seguridad del cristiano en las manos de nuestro Dios.", "url": "https://www.youtube.com/watch?=KWS_mJ61Z9c", "author": 1, "tags": []}}, {"model": "sermons.sermon", "pk": 16, "fields": {"created": "2017-08-13T07:38:10.973Z", "modified": "2017-08-18T07:53:46.919Z", "name": "Miembro saludable de una iglesia saludable", "slug": "miembro-saludable-de-una-iglesia-saludable", "summary": "", "date_published": "2017-08-13T07:38:10.973Z", "is_published": true, "img": 4, "date_created": "2016-11-15T04:00:00Z", "content": "1/11/16\n\nContinuaci\u00f3n del estudio b\u00edblico acerca de las caracter\u00edsticas y principios que deben regir a un miembro saludable de una iglesia", "url": "https://www.youtube.com/watch?=SmLwC9ufx58", "author": 1, "tags": []}}, {"model": "sermons.sermon", "pk": 17, "fields": {"created": "2017-08-13T07:38:11.055Z", "modified": "2017-08-18T07:53:46.941Z", "name": "El ultimo sue\u00f1o", "slug": "el-ultimo-sueno", "summary": "", "date_published": "2017-08-13T07:38:11.056Z", "is_published": true, "img": 4, "date_created": "2016-11-03T04:00:00Z", "content": "Domingo - 30/10/16 \nNuestro pastor comparte  en esta ocasi\u00f3n acerca de la esperanza del cristiano y su respuesta ante las dificultades de la vida.", "url": "https://www.youtube.com/watch?=xeFvbgRQeg0", "author": 1, "tags": []}}, {"model": "thoughts.thought", "pk": 1, "fields": {"created": "2017-08-20T05:57:22.247Z", "modified": "2017-08-20T05:57:22.260Z", "name": "Dios es misericordia", "slug": "dios-es-misericordia", "summary": "Dios es bueno y para siempre es su misericordia", "date_published": "2017-08-20T05:57:22.262Z", "is_published": true, "img": 4, "date_created": "2017-08-20T05:57:06Z", "content": "Dios es bueno y para siempre es su eterna misericordia", "author": 1, "tags": [1]}}, {"model": "thoughts.thought", "pk": 2, "fields": {"created": "2017-08-20T05:57:48.901Z", "modified": "2017-08-20T05:57:48.917Z", "name": "Dios es bueno", "slug": "dios-es-bueno", "summary": "Dios es bueno y para siempre es su misericordia", "date_published": "2017-08-20T05:57:48.919Z", "is_published": true, "img": 4, "date_created": "2017-08-20T05:57:36Z", "content": "Dios es bueno y para siempre es su misericordia", "author": 1, "tags": [1]}}, {"model": "thoughts.thought", "pk": 3, "fields": {"created": "2017-08-20T05:58:06.771Z", "modified": "2017-08-20T05:58:06.783Z", "name": "Dios es misericordioso", "slug": "dios-es-misericordioso", "summary": "Dios es bueno y para siempre es su misericordia", "date_published": "2017-08-20T05:58:06.785Z", "is_published": true, "img": 4, "date_created": "2017-08-20T05:57:36Z", "content": "Dios es bueno y para siempre es su misericordia", "author": 1, "tags": [1]}}, {"model": "events.event", "pk": 1, "fields": {"created": "2017-08-20T05:54:37.041Z", "modified": "2017-08-20T05:58:43.787Z", "name": "Iglesia en casa", "slug": "iglesia-en-casa", "summary": "Iglesia en casa", "date_published": "2017-08-20T05:54:37.061Z", "is_published": true, "img": 4, "date_created": "2017-08-30T05:54:03Z", "start_date": "2017-08-30T05:54:16Z", "end_date": "2017-12-31T05:54:26Z", "location": "Cecilia Balaguer, #8", "gmap_link": "", "tags": [1]}}, {"model": "events.event", "pk": 2, "fields": {"created": "2017-08-20T05:55:16.960Z", "modified": "2017-08-20T05:58:51.805Z", "name": "Mudanza", "slug": "mudanza", "summary": "Mudanza", "date_published": "2017-08-20T05:55:16.965Z", "is_published": true, "img": 4, "date_created": "2017-08-20T05:54:51Z", "start_date": "2017-08-27T05:55:00Z", "end_date": "2017-08-27T05:55:06Z", "location": "Cecilia Balaguer, #8", "gmap_link": "", "tags": [1]}}, {"model": "events.event", "pk": 3, "fields": {"created": "2017-08-20T05:56:04.536Z", "modified": "2017-08-20T05:59:00.040Z", "name": "Ayuno Congregacional", "slug": "ayuno-congregacional", "summary": "Ayuno congregacional con motivo de la mudanza y nueva jornada en el nuevo templo", "date_published": "2017-08-20T05:56:04.547Z", "is_published": true, "img": 4, "date_created": "2017-08-20T05:56:02Z", "start_date": "2017-08-20T05:55:41Z", "end_date": "2017-08-27T05:55:45Z", "location": "En cualquier lugar", "gmap_link": "", "tags": [1]}}, {"model": "events.event", "pk": 8, "fields": {"created": "2017-08-21T22:41:39.494Z", "modified": "2017-08-21T22:41:39.556Z", "name": "Estudio biblico", "slug": "estudio-biblico", "summary": "Estudio Biblico", "date_published": "2017-08-21T22:41:39.575Z", "is_published": true, "img": 4, "date_created": "2017-08-21T22:41:39.576Z", "start_date": "2017-08-21T22:33:28Z", "end_date": "2017-08-21T22:33:29Z", "location": "Estudio biblico", "gmap_link": "", "tags": [1]}}, {"model": "membership.member", "pk": 1, "fields": {"created": "2017-08-09T04:55:45.181Z", "modified": "2017-08-21T23:57:58.691Z", "name": "V\u00edctor Medina", "email": "viticomedina@gmail.com", "telephone": "809-977-1777", "cellphone": "809-977-1777", "role": 0, "role_description": "Pastor titular", "profile_img": 1}}, {"model": "membership.member", "pk": 2, "fields": {"created": "2017-08-18T20:50:09.079Z", "modified": "2017-08-18T20:53:27.953Z", "name": "Bethania Valdez", "email": "bvaldezguzman@gmail.com", "telephone": "829-849-2523", "cellphone": "809-877-9903", "role": 4, "role_description": "Encargada de adoraci\u00f3n", "profile_img": 2}}, {"model": "membership.member", "pk": 3, "fields": {"created": "2017-08-18T20:52:02.170Z", "modified": "2017-08-18T20:52:02.190Z", "name": "Jackeline Castellanos", "email": "jcastellanosk@gmail.com", "telephone": "809-604-0145", "cellphone": "809-604-0145", "role": 4, "role_description": "Encargada de Ense\u00f1anza", "profile_img": 3}}, {"model": "membership.socialmedia", "pk": 1, "fields": {"created": "2017-08-09T04:55:45.189Z", "modified": "2017-08-09T04:55:45.314Z", "name": 0, "url": "https://www.facebook.com/Pastorvictormedina", "author": 1}}, {"model": "membership.socialmedia", "pk": 2, "fields": {"created": "2017-08-09T04:55:45.190Z", "modified": "2017-08-09T04:55:45.314Z", "name": 1, "url": "https://www.instagram.com/pastorviticomedina/?hl=en", "author": 1}}, {"model": "membership.socialmedia", "pk": 3, "fields": {"created": "2017-08-09T04:55:45.191Z", "modified": "2017-08-09T04:55:45.314Z", "name": 2, "url": "https://twitter.com/viticomedina?lang=en", "author": 1}}, {"model": "membership.socialmedia", "pk": 4, "fields": {"created": "2017-08-18T20:50:09.104Z", "modified": "2017-08-18T20:50:09.379Z", "name": 2, "url": "https://twitter.com/bethavaldez", "author": 2}}, {"model": "membership.socialmedia", "pk": 5, "fields": {"created": "2017-08-18T20:52:02.186Z", "modified": "2017-08-18T20:52:02.201Z", "name": 0, "url": "https://www.facebook.com/jackeline.castellanos.96", "author": 3}}]
